{
    "nodes": [
        {
          "id": "잔잔한 피아노 사운드",
          "value": 3,
          "group": null
        },
        {
            "id": "둔탁하지만 4비트의 드럼소리",
            "value": 3,
            "group": null
        },
        {
            "id": "딩가딩가 베이스",
            "value": 3,
            "group": null
        },
        {
            "id": "재즈음악에 어울리는 보컬",
            "value": 3,
            "group": null
        },
        {
            "id": "장난스러운 드럼",
            "value": 3,
            "group": null
        },
        {
            "id": "시끄러운 도시 기타반주",
            "value": 3,
            "group": null
        },
        {
            "id": "1",
            "value": 3,
            "group": null
        },
        {
            "id": "2",
            "value": 3,
            "group": null
        },
        {
            "id": "3",
            "value": 3,
            "group": null
        },
        {
            "id": "4",
            "value": 3,
            "group": null
        },
        {
            "id": "5",
            "value": 3,
            "group": null
        },
        {
            "id": "6",
            "value": 3,
            "group": null
        },

        {
            "id": "7",
            "value": 3,
            "group": null
        }
        
     ],
    "links": [
        {
          "source": "잔잔한 피아노 사운드",
          "target": "둔탁하지만 4비트의 드럼소리",
          "value": 2
        },
        {
            "source": "잔잔한 피아노 사운드",
            "target": "딩가딩가 베이스",
            "value": 2
          },
        {
            "source": "시끄러운 도시 기타반주",
            "target": "딩가딩가 베이스",
            "value": 2
        },
        {
            "source": "둔탁하지만 4비트의 드럼소리",
            "target": "재즈음악에 어울리는 보컬",
            "value": 2
        },
        {
            "source": "둔탁하지만 4비트의 드럼소리",
            "target": "장난스러운 드럼",
            "value": 2
        },
        {
            "source": "1",
            "target": "2",
            "value": 2
        },
        {
            "source": "1",
            "target": "3",
            "value": 2
        },
        {
            "source": "2",
            "target": "4",
            "value": 2
        },
        {
            "source": "2",
            "target": "5",
            "value": 2
        },
        {
            "source": "3",
            "target": "6",
            "value": 2
        },
        {
            "source": "4",
            "target": "7",
            "value": 2
        },
        {
            "source": "3",
            "target": "장난스러운 드럼",
            "value": 2
        }
        


        
      ]
}